https://community.microvellum.com/portal/en/kb/getting-started,Getting Started,,,
https://community.microvellum.com/portal/en/kb/getting-started/general,,General,,
https://community.microvellum.com/portal/en/kb/getting-started/microvellum-portal,,Microvellum Portal,,
https://community.microvellum.com/portal/en/kb/getting-started/library-data,,Library Data,,
https://community.microvellum.com/portal/en/kb/getting-started/knowledge-network-community,,KB & Community,,
https://community.microvellum.com/portal/en/kb/getting-started/services,,Services,,
https://community.microvellum.com/portal/en/kb/getting-started/services/setup-worksheets-guides,,,Setup Worksheets & Guides,
https://community.microvellum.com/portal/en/kb/getting-started/services/service-engagements,,,Service Engagements,
https://community.microvellum.com/portal/en/kb/getting-started/services/tips,,,Tips,
https://community.microvellum.com/portal/en/kb/getting-started/services/support,,,Support,
https://community.microvellum.com/portal/en/kb/getting-started/software,,Software,,
https://community.microvellum.com/portal/en/kb/getting-started/software/microvellum-server,,,Microvellum Server,
https://community.microvellum.com/portal/en/kb/getting-started/software/toolbox,,,Toolbox,
https://community.microvellum.com/portal/en/kb/getting-started/software/tips,,,Tips,
https://community.microvellum.com/portal/en/kb/getting-started/software/toolbox-bsb,,,Toolbox BSB,
https://community.microvellum.com/portal/en/kb/getting-started/software/toolbox-bsb/toolbox-bsb-faqs,,,,Toolbox BSB FAQs
https://community.microvellum.com/portal/en/kb/getting-started/software/toolbox-bsb/toolbox-bsb-software,,,,Toolbox BSB Software
https://community.microvellum.com/portal/en/kb/software-information,Software Information,,,
https://community.microvellum.com/portal/en/kb/software-information/general,,General,,
https://community.microvellum.com/portal/en/kb/software-information/release-notes,,Release Notes,,
,,,Toolbox Release Notes,
,,,,Current Build
,,,,2025 Builds
,,,,2024 Builds
,,,,2023 Builds
,,,,2022 Builds
,,,,2021 Builds
,,,,2020 Builds
,,,,Legacy Builds
,,,,OEM Releases
,,,,Breaking Change Log
,,,Foundation Library Release Notes,
,,,,Current Build
,,,,2025 Builds
,,,,2024 Builds
,,,,2023 Builds
,,,,2022 Builds
,,,,2021 Builds
https://community.microvellum.com/portal/en/kb/software-information/system-requirements,,,System Requirements,
https://community.microvellum.com/portal/en/kb/design-and-drafting,Design and Drafting,,,
https://community.microvellum.com/portal/en/kb/design-and-drafting/general,,General,,
https://community.microvellum.com/portal/en/kb/design-and-drafting/general/basic-training,,,Basic Training,
https://community.microvellum.com/portal/en/kb/design-and-drafting/basic-cad-commands,,Basic CAD Commands,,
https://community.microvellum.com/portal/en/kb/design-and-drafting/drawing-walls-products,,Drawing Walls & Products,,
https://community.microvellum.com/portal/en/kb/design-and-drafting/drawing-walls-products/products,,,Products,
https://community.microvellum.com/portal/en/kb/design-and-drafting/drawing-walls-products/walls,,,Walls,
https://community.microvellum.com/portal/en/kb/design-and-drafting/drawing-walls-products/room-components,,,Room Components,
https://community.microvellum.com/portal/en/kb/design-and-drafting/drafting-detailing,,Drafting & Detailing,,
https://community.microvellum.com/portal/en/kb/design-and-drafting/rendering,,Rendering,,
https://community.microvellum.com/portal/en/kb/design-and-drafting/rendering/general,,,General,
https://community.microvellum.com/portal/en/kb/design-and-drafting/rendering/lighting,,,Lighting,
https://community.microvellum.com/portal/en/kb/design-and-drafting/rendering/materials,,,Materials,
https://community.microvellum.com/portal/en/kb/design-and-drafting/drawing,,Drawing,,
https://community.microvellum.com/portal/en/kb/design-and-drafting/compare-your-drawings,,Compare Your Drawings,,
https://community.microvellum.com/portal/en/kb/engineering,Engineering,,,
https://community.microvellum.com/portal/en/kb/engineering/library-data,,Library Data,,
https://community.microvellum.com/portal/en/kb/engineering/library-data/component-cabinet-library,,,Component Cabinet Library,
https://community.microvellum.com/portal/en/kb/engineering/library-data/component-cabinet-library/product-overviews,,,,Product Overviews
https://community.microvellum.com/portal/en/kb/engineering/library-data/component-cabinet-library/subassemblies,,,,Subassemblies
https://community.microvellum.com/portal/en/kb/engineering/library-data/component-cabinet-library/general-questions-answers,,,,General Questions & Answers
https://community.microvellum.com/portal/en/kb/engineering/library-data/component-cabinet-library/solid-wood-doors,,,,Doors
https://community.microvellum.com/portal/en/kb/engineering/library-data/component-cabinet-library/general-library-automation,,,,General Library Automation
https://community.microvellum.com/portal/en/kb/engineering/library-data/foundation-library,,,Foundation Library,
https://community.microvellum.com/portal/en/kb/engineering/library-data/foundation-library/foundation-library-general,,,,Foundation Library General
https://community.microvellum.com/portal/en/kb/engineering/library-data/foundation-library/expansions,,,,Library Expansions
https://community.microvellum.com/portal/en/kb/engineering/library-data/foundation-library/library-add-ons,,,,Library Add-ons
https://community.microvellum.com/portal/en/kb/engineering/library-data/foundation-library/foundation-library-catalog,,,,Foundation Library Catalog
https://community.microvellum.com/portal/en/kb/engineering/library-data/foundation-library/utilities,,,,Utilities
https://community.microvellum.com/portal/en/kb/engineering/library-data/product-creation-editing-tools,,,Product Creation & Editing Tools,
https://community.microvellum.com/portal/en/kb/engineering/library-data/prompts-variables,,,Prompts & Variables,
https://community.microvellum.com/portal/en/kb/engineering/library-data/tokens,,,Tokens,
https://community.microvellum.com/portal/en/kb/engineering/library-data/edit-design-data,,,Edit Design Data,
https://community.microvellum.com/portal/en/kb/engineering/library-data/workbook-designer,,,Workbook Designer,
https://community.microvellum.com/portal/en/kb/engineering/library-data/formula-reading-writing,,,Formula Reading & Writing,
https://community.microvellum.com/portal/en/kb/engineering/library-data/general-library-automation,,,General Library Automation,
https://community.microvellum.com/portal/en/kb/engineering/library-data/specification-groups,,,Specification Groups,
https://community.microvellum.com/portal/en/kb/engineering/library-data/general-questions-and-answers,,,General Questions & Answers,
https://community.microvellum.com/portal/en/kb/engineering/library-data/materials,,,Materials,
https://community.microvellum.com/portal/en/kb/engineering/library-data/material-graining,,,Material Graining,
https://community.microvellum.com/portal/en/kb/engineering/database-management,,Database Management,,
https://community.microvellum.com/portal/en/kb/engineering/database-management/general,,,General,
https://community.microvellum.com/portal/en/kb/engineering/database-management/database-installation,,,Database Installation,
https://community.microvellum.com/portal/en/kb/engineering/database-management/configuration-management,,,Configuration & Management,
https://community.microvellum.com/portal/en/kb/engineering/database-management/database-import-export,,,Database Import  & Export,
https://community.microvellum.com/portal/en/kb/engineering/database-management/configuration-backup,,,Sandboxing & Backup,
https://community.microvellum.com/portal/en/kb/engineering/database-management/troubleshooting,,,Troubleshooting,
https://community.microvellum.com/portal/en/kb/engineering/database-management/unified-work-order-database,,,Unified Work Order Database,
https://community.microvellum.com/portal/en/kb/engineering/product-creation-and-editing,,Product Creation and Editing,,
https://community.microvellum.com/portal/en/kb/engineering/product-creation-and-editing/modifying-parts,,,Modifying Parts,
https://community.microvellum.com/portal/en/kb/engineering/product-creation-and-editing/modifying-products,,,Modifying Products,
https://community.microvellum.com/portal/en/kb/engineering/product-creation-and-editing/creating-new-and-custom-products,,,Creating New and Custom Products,
https://community.microvellum.com/portal/en/kb/engineering/product-creation-and-editing/part-properties,,,Part Properties,
https://community.microvellum.com/portal/en/kb/engineering/product-creation-and-editing/subassemblies,,,Subassemblies,
https://community.microvellum.com/portal/en/kb/engineering/projects,,Projects,,
https://community.microvellum.com/portal/en/kb/engineering/projects/project-setup,,,Project Setup,
https://community.microvellum.com/portal/en/kb/engineering/projects/project-import,,,Project Import,
https://community.microvellum.com/portal/en/kb/engineering/projects/room-setup,,,Room Setup,
https://community.microvellum.com/portal/en/kb/engineering/projects/specification-groups,,,Specification Groups,
https://community.microvellum.com/portal/en/kb/engineering/projects/specification-groups/advanced-library-setup,,,,Advanced Library Setup
https://community.microvellum.com/portal/en/kb/engineering/projects/specification-groups/advanced-project-setup,,,,Advanced Project Setup
https://community.microvellum.com/portal/en/kb/engineering/solid-modeling-tools,,Solid Modeling Tools,,
https://community.microvellum.com/portal/en/kb/engineering/toolbox-options,,Toolbox Options,,
https://community.microvellum.com/portal/en/kb/production,Production,,,
https://community.microvellum.com/portal/en/kb/production/reports-labels,,Reports & Labels,,
https://community.microvellum.com/portal/en/kb/production/reports-labels/general,,,General,
https://community.microvellum.com/portal/en/kb/production/reports-labels/report-training,,,Report Training,
https://community.microvellum.com/portal/en/kb/production/reports-labels/project-costing-tools,,,,Report Training Articles
https://community.microvellum.com/portal/en/kb/production/reports-labels/troubleshooting,,,,Report Training Videos
https://community.microvellum.com/portal/en/kb/production/reports-labels/report-internals,,,,Project Costing Tools
https://community.microvellum.com/portal/en/kb/production/reports-labels/troubleshooting,,,Troubleshooting,
https://community.microvellum.com/portal/en/kb/production/reports-labels/report-internals,,,Report Internals,
https://community.microvellum.com/portal/en/kb/production/reports-labels/report-internals/appearance,,,,Appearance
https://community.microvellum.com/portal/en/kb/production/reports-labels/report-internals/conditional-formatting,,,,Conditional Formatting
https://community.microvellum.com/portal/en/kb/production/reports-labels/report-internals/expressions,,,,Expressions
https://community.microvellum.com/portal/en/kb/production/reports-labels/report-internals/customization-modifications,,,,Customization & Modifications
https://community.microvellum.com/portal/en/kb/production/reports-labels/report-internals/output-text-parameters,,,,Output Text Parameters
https://community.microvellum.com/portal/en/kb/production/reports-labels/report-internals/text-formatting,,,,Text Formatting
https://community.microvellum.com/portal/en/kb/production/reports-labels/report-internals/rich-text,,,,Rich Text
https://community.microvellum.com/portal/en/kb/production/reports-labels/report-internals/page-bands,,,,Page Bands
https://community.microvellum.com/portal/en/kb/production/reports-labels/report-internals/report-bands,,,,Report Bands
https://community.microvellum.com/portal/en/kb/production/reports-labels/report-internals/child-band,,,,Child Band
https://community.microvellum.com/portal/en/kb/production/reports-labels/report-internals/empty-band,,,,Empty Band
https://community.microvellum.com/portal/en/kb/production/reports-labels/report-internals/sub-reports,,,,Sub-Reports
https://community.microvellum.com/portal/en/kb/production/reports-labels/report-internals/graphic-information-output,,,,Graphic Information Output
https://community.microvellum.com/portal/en/kb/production/reports-labels/report-internals/auto-size,,,,Auto-Size
https://community.microvellum.com/portal/en/kb/production/reports-labels/report-internals/pages,,,,Pages
https://community.microvellum.com/portal/en/kb/production/reports-labels/report-internals/creating-lists,,,,Creating Lists
https://community.microvellum.com/portal/en/kb/production/reports-labels/report-internals/columns,,,,Columns
https://community.microvellum.com/portal/en/kb/production/reports-labels/report-internals/groups,,,,Groups
https://community.microvellum.com/portal/en/kb/production/reports-labels/report-internals/cross-table,,,,Cross Table
https://community.microvellum.com/portal/en/kb/production/reports-labels/report-internals/primitives,,,,Primitives
https://community.microvellum.com/portal/en/kb/production/reports-labels/report-internals/creating-master-detail-lists,,,,Creating Master-Detail Lists
https://community.microvellum.com/portal/en/kb/production/work-orders-processing-center,,Work Orders & Processing Data,,
https://community.microvellum.com/portal/en/kb/production/processing-station-controls,,Processing Stations,,
https://community.microvellum.com/portal/en/kb/production/optimization,,Optimization,,
https://community.microvellum.com/portal/en/kb/production/optimization/optimizer,,,Optimizer,
https://community.microvellum.com/portal/en/kb/production/2d-machine-tools,,2D Machine Tools,,
https://community.microvellum.com/portal/en/kb/production/product-list,,Product List,,
https://community.microvellum.com/portal/en/kb/production/product-viewer,,Product Viewer,,
https://community.microvellum.com/portal/en/kb/production/tool-files,,Tool Files,,
https://community.microvellum.com/portal/en/kb/production/single-part-processing,,Single Part Processing,,
https://community.microvellum.com/portal/en/kb/production/cnc-connections-g-code,,CNC Connections & G-Code,,
https://community.microvellum.com/portal/en/kb/production/cnc-connections-g-code/third-party-optimization,,,Third Party Optimization,
https://community.microvellum.com/portal/en/kb/production/scrap-management,,Scrap Management,,
